SIZE, #THREADS, READ, COUNT, TREE, MAP, ENCODE, ASCII, WRITE, COMPLETION
1MB, 1, 0.000642553, 0.00218763, 2.62172e-05, 1.03072e-05, 0.0110933, 0.0484386, 0.000800994, 0.0632012
5MB, 1, 0.00447843, 0.00934117, 2.65476e-05, 1.18924e-05, 0.0758517, 0.240895, 0.00306429, 0.333671
10MB, 1, 0.0144316, 0.0265693, 2.8896e-05, 1.18984e-05, 0.164115, 0.485142, 0.00583014, 0.696134
50MB, 1, 0.08188, 0.14327, 3.48834e-05, 1.2738e-05, 0.792658, 2.51446, 0.0489295, 3.58125
100MB, 1, 0.169517, 0.296882, 3.04692e-05, 1.25896e-05, 1.55352, 4.90967, 0.0967121, 7.02635
300MB, 1, 0.56856, 0.899448, 3.27734e-05, 1.25816e-05, 5.29495, 14.6729, 0.304069, 21.74
