SIZE, #THREADS, READ, COUNT, TREE, MAP, ENCODE, ASCII, WRITE, COMPLETION
1MB, 16, 0.00104691, 0.00220204, 3.19798e-05, 1.1906e-05, 0.00615576, 0.0053461, 0.00101251, 0.0158097
5MB, 16, 0.00578533, 0.00292478, 3.1375e-05, 1.21724e-05, 0.0482934, 0.0181151, 0.00349593, 0.078662
10MB, 16, 0.0105117, 0.00407142, 2.86716e-05, 1.35718e-05, 0.0741217, 0.0355495, 0.0062152, 0.130516
50MB, 16, 0.0907688, 0.0113048, 2.95512e-05, 1.30464e-05, 0.375007, 0.171589, 0.0380778, 0.686795
100MB, 16, 0.173673, 0.0205904, 2.98478e-05, 1.36516e-05, 1.08326, 0.352074, 0.101665, 1.73131
300MB, 16, 0.549068, 0.0588248, 2.8824e-05, 1.35556e-05, 3.67031, 1.04992, 0.292021, 5.62019
