SIZE, #THREADS, READ, COUNT, TREE, MAP, ENCODE, ASCII, WRITE, COMPLETION
1MB, 2, 0.00102058, 0.00121427, 3.18356e-05, 1.10026e-05, 0.01262, 0.0245213, 0.000871838, 0.0402928
5MB, 2, 0.00622981, 0.00635203, 3.35508e-05, 1.23308e-05, 0.0863924, 0.12118, 0.00335243, 0.223557
10MB, 2, 0.0124415, 0.0142605, 3.2026e-05, 1.20324e-05, 0.178186, 0.242733, 0.00628412, 0.453955
50MB, 2, 0.0720337, 0.0735627, 3.02968e-05, 1.1768e-05, 0.903278, 1.27246, 0.0490376, 2.37042
100MB, 2, 0.186182, 0.148701, 3.01024e-05, 1.20444e-05, 1.83244, 2.52616, 0.103985, 4.79752
300MB, 2, 0.584177, 0.453172, 3.2012e-05, 1.24494e-05, 4.79022, 7.55986, 0.303832, 13.6913
