SIZE, #THREADS, READ, COUNT, TREE, MAP, ENCODE, ASCII, WRITE, COMPLETION
1MB, 32, 0.00116171, 0.00454632, 3.81356e-05, 1.31386e-05, 0.0117191, 0.00646597, 0.00107251, 0.0250199
5MB, 32, 0.00546032, 0.00896286, 3.56626e-05, 1.47262e-05, 0.0522098, 0.0124494, 0.00344871, 0.0825853
10MB, 32, 0.00988566, 0.00732751, 3.64902e-05, 1.51882e-05, 0.0778435, 0.0255078, 0.00710977, 0.127731
50MB, 32, 0.0953718, 0.0092036, 3.41422e-05, 1.53306e-05, 0.362818, 0.103501, 0.0303904, 0.60134
100MB, 32, 0.170558, 0.0151912, 3.22224e-05, 1.31004e-05, 1.00997, 0.204445, 0.101105, 1.50132
300MB, 32, 0.55694, 0.0343899, 3.18654e-05, 1.30724e-05, 3.82976, 0.615728, 0.28439, 5.32126
