SIZE, #THREADS, READ, COUNT, TREE, MAP, ENCODE, ASCII, WRITE, COMPLETION
1MB, 4, 0.000996186, 0.00105416, 3.41698e-05, 1.16358e-05, 0.0110831, 0.0128847, 0.000997566, 0.0270638
5MB, 4, 0.00598215, 0.00353247, 2.8738e-05, 1.15274e-05, 0.0645076, 0.0617694, 0.00339912, 0.139235
10MB, 4, 0.0108842, 0.0080966, 2.91388e-05, 1.2341e-05, 0.120645, 0.122739, 0.00624464, 0.268655
50MB, 4, 0.0746334, 0.036581, 3.02888e-05, 1.24572e-05, 0.561723, 0.634444, 0.0507006, 1.35813
100MB, 4, 0.179078, 0.0750036, 2.96016e-05, 1.277e-05, 1.32759, 1.27832, 0.105308, 2.96534
300MB, 4, 0.574167, 0.225873, 2.95934e-05, 1.25376e-05, 3.70231, 3.95801, 0.278795, 8.7392
