SIZE, #THREADS, READ, COUNT, TREE, MAP, ENCODE, ASCII, WRITE, COMPLETION
1MB, 64, 0.00105624, 0.00850846, 3.78068e-05, 1.33668e-05, 0.0130221, 0.00985853, 0.000806438, 0.033309
5MB, 64, 0.00554981, 0.00899909, 3.93514e-05, 1.36978e-05, 0.040173, 0.0139286, 0.00382942, 0.0725373
10MB, 64, 0.0122717, 0.00978501, 3.75504e-05, 1.36494e-05, 0.0874937, 0.0209764, 0.00803405, 0.138617
50MB, 64, 0.0891062, 0.0115058, 3.41218e-05, 1.3365e-05, 0.362604, 0.0620756, 0.0284143, 0.55376
100MB, 64, 0.187705, 0.0164841, 3.5809e-05, 1.41626e-05, 1.15489, 0.155271, 0.105358, 1.61977
300MB, 64, 0.56061, 0.0329132, 3.39118e-05, 1.2916e-05, 3.56747, 0.405275, 0.359018, 4.92534
