SIZE, #THREADS, READ, COUNT, TREE, MAP, ENCODE, ASCII, WRITE, COMPLETION
1MB, 8, 0.00116001, 0.00129118, 3.08078e-05, 1.19084e-05, 0.00812368, 0.00736764, 0.000784952, 0.0187727
5MB, 8, 0.00580223, 0.00250938, 2.9982e-05, 1.24192e-05, 0.0539297, 0.0320221, 0.00360111, 0.0979107
10MB, 8, 0.0106162, 0.00476634, 2.8978e-05, 1.3371e-05, 0.0917688, 0.063077, 0.00650158, 0.176776
50MB, 8, 0.0744842, 0.0199097, 2.92526e-05, 1.28802e-05, 0.459431, 0.321814, 0.0507649, 0.926452
100MB, 8, 0.179807, 0.0386628, 3.07556e-05, 1.32688e-05, 1.19328, 0.657793, 0.104485, 2.17408
300MB, 8, 0.559189, 0.114152, 2.94952e-05, 1.31064e-05, 3.88831, 1.9689, 0.294038, 6.82463
