SIZE, #THREADS, READ, COUNT, TREE, MAP, ENCODE, ASCII, WRITE, COMPLETION
1MB, 1, 0.000770856, 0.00245395, 1.78552e-05, 1.02412e-05, 0.0126516, 0.048175, 0.00084355, 0.0649258
5MB, 1, 0.00465328, 0.0106709, 1.93684e-05, 3.78608e-05, 0.0819501, 0.241604, 0.00299661, 0.341938
10MB, 1, 0.00832575, 0.0257994, 1.96208e-05, 1.1263e-05, 0.173619, 0.486735, 0.00557011, 0.700086
50MB, 1, 0.0853637, 0.146173, 2.14558e-05, 1.1808e-05, 0.865956, 2.46957, 0.0504087, 3.61752
100MB, 1, 0.175489, 0.297389, 2.09814e-05, 1.1688e-05, 1.76804, 4.96112, 0.100595, 7.30268
300MB, 1, 0.562141, 0.900135, 2.21836e-05, 1.19902e-05, 5.33123, 14.68, 0.294484, 21.768
