SIZE, #THREADS, READ, COUNT, TREE, MAP, ENCODE, ASCII, WRITE, COMPLETION
1MB, 16, 0.000800591, 0.000923054, 2.25704e-05, 1.12154e-05, 0.00394227, 0.00837449, 0.000855504, 0.014934
5MB, 16, 0.00480321, 0.00173352, 2.29594e-05, 1.24232e-05, 0.0408683, 0.0254794, 0.0030629, 0.0759918
10MB, 16, 0.00885865, 0.00288752, 2.28628e-05, 1.24474e-05, 0.079764, 0.045642, 0.00593414, 0.14313
50MB, 16, 0.09265, 0.0100093, 2.35102e-05, 1.4814e-05, 0.392542, 0.179488, 0.0488383, 0.72358
100MB, 16, 0.188649, 0.0193069, 2.69006e-05, 1.33908e-05, 0.870471, 0.36286, 0.126973, 1.56831
300MB, 16, 0.588023, 0.0650341, 2.44576e-05, 1.31566e-05, 2.40683, 1.09277, 0.355352, 4.50806
