SIZE, #THREADS, READ, COUNT, TREE, MAP, ENCODE, ASCII, WRITE, COMPLETION
1MB, 2, 0.000871739, 0.000651615, 1.79918e-05, 1.02694e-05, 0.00760241, 0.0244008, 0.000812789, 0.0343696
5MB, 2, 0.00465156, 0.00431982, 1.99232e-05, 1.15956e-05, 0.0605707, 0.12157, 0.00296451, 0.194114
10MB, 2, 0.00861082, 0.0105556, 1.84066e-05, 1.14514e-05, 0.118238, 0.243352, 0.00557298, 0.386365
50MB, 2, 0.0837097, 0.0733984, 2.03984e-05, 1.16658e-05, 0.592325, 1.2405, 0.0486187, 2.03859
100MB, 2, 0.169489, 0.148075, 2.16326e-05, 1.22654e-05, 1.16932, 2.49964, 0.0997422, 4.08632
300MB, 2, 0.560562, 0.45116, 2.0965e-05, 1.21426e-05, 3.63887, 7.41581, 0.354023, 12.4205
