SIZE, #THREADS, READ, COUNT, TREE, MAP, ENCODE, ASCII, WRITE, COMPLETION
1MB, 32, 0.000811461, 0.00158452, 2.16526e-05, 1.2475e-05, 0.00424537, 0.0060428, 0.000935638, 0.0136576
5MB, 32, 0.0050169, 0.00205008, 2.16006e-05, 1.23092e-05, 0.0416226, 0.0174342, 0.00324602, 0.0694112
10MB, 32, 0.011224, 0.00262427, 2.63536e-05, 1.36978e-05, 0.0881495, 0.020955, 0.00707625, 0.130077
50MB, 32, 0.0993923, 0.00659181, 2.86616e-05, 1.41364e-05, 0.391955, 0.107571, 0.0314672, 0.637033
100MB, 32, 0.194784, 0.0119964, 3.41398e-05, 1.46556e-05, 0.791935, 0.236912, 0.117163, 1.35285
300MB, 32, 0.575451, 0.041452, 3.11164e-05, 1.38118e-05, 2.53702, 0.705095, 0.299367, 4.15845
