SIZE, #THREADS, READ, COUNT, TREE, MAP, ENCODE, ASCII, WRITE, COMPLETION
1MB, 4, 0.000862362, 0.000640399, 2.0829e-05, 1.07458e-05, 0.00484773, 0.0123521, 0.000815913, 0.0195534
5MB, 4, 0.00467474, 0.00264116, 1.99436e-05, 1.16836e-05, 0.0457219, 0.0610778, 0.00293028, 0.117085
10MB, 4, 0.00863641, 0.00594516, 2.12236e-05, 1.16794e-05, 0.0915945, 0.121805, 0.0056065, 0.233629
50MB, 4, 0.0822095, 0.0363519, 2.33736e-05, 1.2287e-05, 0.460257, 0.62646, 0.0583702, 1.2637
100MB, 4, 0.170035, 0.0743282, 2.42174e-05, 1.2762e-05, 0.93744, 1.26239, 0.119225, 2.56347
300MB, 4, 0.561783, 0.225432, 2.4622e-05, 1.2888e-05, 2.80027, 3.82859, 0.355358, 7.77149
