SIZE, #THREADS, READ, COUNT, TREE, MAP, ENCODE, ASCII, WRITE, COMPLETION
1MB, 64, 0.000903095, 0.00310512, 2.25742e-05, 1.13252e-05, 0.0062226, 0.00882798, 0.000942132, 0.0200386
5MB, 64, 0.00488021, 0.00343396, 2.4642e-05, 1.27396e-05, 0.0462916, 0.0139243, 0.00334641, 0.0719206
10MB, 64, 0.010873, 0.00422187, 2.60168e-05, 1.35838e-05, 0.0888851, 0.0197368, 0.00771918, 0.131485
50MB, 64, 0.0948963, 0.00748112, 2.97596e-05, 1.6573e-05, 0.381002, 0.0963835, 0.0346026, 0.614424
100MB, 64, 0.188183, 0.0130919, 2.94552e-05, 1.85224e-05, 0.773021, 0.179988, 0.109046, 1.26339
300MB, 64, 0.589588, 0.0291699, 3.1585e-05, 2.05986e-05, 2.30872, 0.510285, 0.301241, 3.73907
