SIZE, #THREADS, READ, COUNT, TREE, MAP, ENCODE, ASCII, WRITE, COMPLETION
1MB, 8, 0.000767771, 0.000728119, 2.06346e-05, 1.08666e-05, 0.00362274, 0.00761715, 0.000876162, 0.0136464
5MB, 8, 0.00443935, 0.00161651, 2.17306e-05, 1.26476e-05, 0.0380872, 0.0359585, 0.00298561, 0.0831274
10MB, 8, 0.00861583, 0.00354893, 2.11214e-05, 1.25874e-05, 0.0790433, 0.0717428, 0.00563407, 0.168625
50MB, 8, 0.086531, 0.0189904, 2.13582e-05, 1.31506e-05, 0.414692, 0.359489, 0.0332626, 0.91301
100MB, 8, 0.171404, 0.038729, 2.19652e-05, 1.32588e-05, 0.833331, 0.689267, 0.120922, 1.8537
300MB, 8, 0.556329, 0.118384, 2.2422e-05, 1.36058e-05, 2.51428, 1.99692, 0.343097, 5.52906
