SIZE, READ, COUNT, TREE, MAP, ENCODE, ASCII, WRITE, COMPLETION
1MB, 0.00105373, 0.00130793, 1.9158e-05, 1.07582e-05, 0.014218, 0.0481133, 0.0010224, 0.0657482
5MB, 0.0050236, 0.0123604, 1.9286e-05, 1.21908e-05, 0.0792184, 0.240824, 0.00353832, 0.341006
10MB, 0.0120485, 0.027701, 2.61972e-05, 1.24876e-05, 0.153169, 0.4811, 0.00685158, 0.680923
50MB, 0.0850098, 0.146054, 1.9793e-05, 1.30306e-05, 0.707663, 2.42122, 0.0437367, 3.40374
100MB, 0.170482, 0.297056, 2.03682e-05, 1.23252e-05, 1.43903, 4.8435, 0.0995483, 6.84966
300MB, 0.560139, 0.902207, 1.99172e-05, 1.24894e-05, 4.1744, 14.5281, 0.299331, 20.4642
